scenario,seed,arm,closed_loop_gate_coverage,initial_detector_gate_recall,time_to_gate_open,gate_event_count,first_action_s
h_dos_240_13,0,D0,True,False,6.0,242,156.0
h_dos_240_13,0,Q1,False,False,,0,
h_dos_240_13,0,L1,True,False,246.0,6,396.0
h_dos_240_13,0,QPROJ,False,False,,0,156.0
h_dos_240_13,0,LPROJ,False,False,,0,156.0
h_dos_240_13,0,OPROJ,True,True,3.0,238,156.0
h_dos_240_13,0,bareQ,False,False,,0,
h_dos_240_13,0,bareL,False,False,,0,
h_dos_240_13,1,D0,True,False,6.0,240,156.0
h_dos_240_13,1,Q1,False,False,,0,
h_dos_240_13,1,L1,True,False,250.0,2,400.0
h_dos_240_13,1,QPROJ,False,False,,0,156.0
h_dos_240_13,1,LPROJ,False,False,,0,156.0
h_dos_240_13,1,OPROJ,True,True,3.0,238,156.0
h_dos_240_13,1,bareQ,False,False,,0,
h_dos_240_13,1,bareL,False,False,,0,
h_dos_240_13,2,D0,True,False,6.0,242,156.0
h_dos_240_13,2,Q1,False,False,,0,
h_dos_240_13,2,L1,True,False,250.0,7,400.0
h_dos_240_13,2,QPROJ,False,False,,0,156.0
h_dos_240_13,2,LPROJ,False,False,,0,156.0
h_dos_240_13,2,OPROJ,True,True,3.0,238,156.0
h_dos_240_13,2,bareQ,False,False,,0,
h_dos_240_13,2,bareL,False,False,,0,
h_dos_300_13,0,D0,True,False,6.0,303,136.0
h_dos_300_13,0,Q1,False,False,,0,
h_dos_300_13,0,L1,True,False,323.0,2,453.0
h_dos_300_13,0,QPROJ,False,False,,0,136.0
h_dos_300_13,0,LPROJ,False,False,,0,136.0
h_dos_300_13,0,OPROJ,True,True,3.0,298,136.0
h_dos_300_13,0,bareQ,False,False,,0,
h_dos_300_13,0,bareL,False,False,,0,
h_dos_300_13,1,D0,True,False,6.0,302,136.0
h_dos_300_13,1,Q1,False,False,,0,
h_dos_300_13,1,L1,True,False,310.0,11,440.0
h_dos_300_13,1,QPROJ,False,False,,0,136.0
h_dos_300_13,1,LPROJ,False,False,,0,136.0
h_dos_300_13,1,OPROJ,True,True,3.0,298,136.0
h_dos_300_13,1,bareQ,False,False,,0,
h_dos_300_13,1,bareL,False,False,,0,
h_dos_300_13,2,D0,True,False,6.0,301,136.0
h_dos_300_13,2,Q1,False,False,,0,
h_dos_300_13,2,L1,True,False,310.0,4,440.0
h_dos_300_13,2,QPROJ,False,False,,0,136.0
h_dos_300_13,2,LPROJ,False,False,,0,136.0
h_dos_300_13,2,OPROJ,True,True,3.0,298,136.0
h_dos_300_13,2,bareQ,False,False,,0,
h_dos_300_13,2,bareL,False,False,,0,
h_dos_60_13,0,D0,True,False,6.0,64,256.0
h_dos_60_13,0,Q1,False,False,,0,
h_dos_60_13,0,L1,True,False,70.0,7,320.0
h_dos_60_13,0,QPROJ,False,False,,0,256.0
h_dos_60_13,0,LPROJ,False,False,,0,256.0
h_dos_60_13,0,OPROJ,True,True,3.0,58,256.0
h_dos_60_13,0,bareQ,False,False,,0,
h_dos_60_13,0,bareL,False,False,,0,
h_dos_60_13,1,D0,True,False,6.0,63,256.0
h_dos_60_13,1,Q1,False,False,,0,
h_dos_60_13,1,L1,True,False,71.0,11,321.0
h_dos_60_13,1,QPROJ,False,False,,0,256.0
h_dos_60_13,1,LPROJ,False,False,,0,256.0
h_dos_60_13,1,OPROJ,True,True,3.0,58,256.0
h_dos_60_13,1,bareQ,False,False,,0,
h_dos_60_13,1,bareL,False,False,,0,
h_dos_60_13,2,D0,True,False,6.0,59,256.0
h_dos_60_13,2,Q1,False,False,,0,
h_dos_60_13,2,L1,True,False,69.0,5,319.0
h_dos_60_13,2,QPROJ,False,False,,0,256.0
h_dos_60_13,2,LPROJ,False,False,,0,256.0
h_dos_60_13,2,OPROJ,True,True,3.0,58,256.0
h_dos_60_13,2,bareQ,False,False,,0,
h_dos_60_13,2,bareL,False,False,,0,
h_dos_bess_34,0,D0,True,False,6.0,302,156.0
h_dos_bess_34,0,Q1,False,False,,0,
h_dos_bess_34,0,L1,True,False,308.0,5,458.0
h_dos_bess_34,0,QPROJ,False,False,,0,156.0
h_dos_bess_34,0,LPROJ,True,False,308.0,5,156.0
h_dos_bess_34,0,OPROJ,True,True,3.0,298,156.0
h_dos_bess_34,0,bareQ,False,False,,0,
h_dos_bess_34,0,bareL,False,False,,0,
h_dos_bess_34,1,D0,True,False,6.0,352,156.0
h_dos_bess_34,1,Q1,False,False,,0,
h_dos_bess_34,1,L1,True,False,306.0,9,456.0
h_dos_bess_34,1,QPROJ,False,False,,0,156.0
h_dos_bess_34,1,LPROJ,True,False,306.0,9,156.0
h_dos_bess_34,1,OPROJ,True,True,3.0,298,156.0
h_dos_bess_34,1,bareQ,False,False,,0,
h_dos_bess_34,1,bareL,False,False,,0,
h_dos_bess_34,2,D0,True,False,6.0,303,156.0
h_dos_bess_34,2,Q1,False,False,,0,
h_dos_bess_34,2,L1,True,False,313.0,1,463.0
h_dos_bess_34,2,QPROJ,False,False,,0,156.0
h_dos_bess_34,2,LPROJ,True,False,313.0,1,156.0
h_dos_bess_34,2,OPROJ,True,True,3.0,298,156.0
h_dos_bess_34,2,bareQ,False,False,,0,
h_dos_bess_34,2,bareL,False,False,,0,
h_dos_highpen_13,0,D0,True,False,6.0,244,166.0
h_dos_highpen_13,0,Q1,False,False,,0,
h_dos_highpen_13,0,L1,False,False,,0,
h_dos_highpen_13,0,QPROJ,False,False,,0,166.0
h_dos_highpen_13,0,LPROJ,False,False,,0,166.0
h_dos_highpen_13,0,OPROJ,True,True,3.0,238,166.0
h_dos_highpen_13,0,bareQ,False,False,,0,
h_dos_highpen_13,0,bareL,False,False,,0,
h_dos_highpen_13,1,D0,True,False,6.0,246,166.0
h_dos_highpen_13,1,Q1,False,False,,0,
h_dos_highpen_13,1,L1,True,False,252.0,6,412.0
h_dos_highpen_13,1,QPROJ,False,False,,0,166.0
h_dos_highpen_13,1,LPROJ,False,False,,0,166.0
h_dos_highpen_13,1,OPROJ,True,True,3.0,238,166.0
h_dos_highpen_13,1,bareQ,False,False,,0,
h_dos_highpen_13,1,bareL,False,False,,0,
h_dos_highpen_13,2,D0,True,False,6.0,244,166.0
h_dos_highpen_13,2,Q1,False,False,,0,
h_dos_highpen_13,2,L1,True,False,256.0,2,416.0
h_dos_highpen_13,2,QPROJ,False,False,,0,166.0
h_dos_highpen_13,2,LPROJ,False,False,,0,166.0
h_dos_highpen_13,2,OPROJ,True,True,3.0,238,166.0
h_dos_highpen_13,2,bareQ,False,False,,0,
h_dos_highpen_13,2,bareL,False,False,,0,
h_dos_lowpen_13,0,D0,True,False,6.0,244,166.0
h_dos_lowpen_13,0,Q1,False,False,,0,
h_dos_lowpen_13,0,L1,False,False,,0,
h_dos_lowpen_13,0,QPROJ,False,False,,0,166.0
h_dos_lowpen_13,0,LPROJ,False,False,,0,166.0
h_dos_lowpen_13,0,OPROJ,True,True,3.0,238,166.0
h_dos_lowpen_13,0,bareQ,False,False,,0,
h_dos_lowpen_13,0,bareL,False,False,,0,
h_dos_lowpen_13,1,D0,True,False,6.0,246,166.0
h_dos_lowpen_13,1,Q1,False,False,,0,
h_dos_lowpen_13,1,L1,True,False,252.0,6,412.0
h_dos_lowpen_13,1,QPROJ,False,False,,0,166.0
h_dos_lowpen_13,1,LPROJ,False,False,,0,166.0
h_dos_lowpen_13,1,OPROJ,True,True,3.0,238,166.0
h_dos_lowpen_13,1,bareQ,False,False,,0,
h_dos_lowpen_13,1,bareL,False,False,,0,
h_dos_lowpen_13,2,D0,True,False,6.0,244,166.0
h_dos_lowpen_13,2,Q1,False,False,,0,
h_dos_lowpen_13,2,L1,True,False,256.0,2,416.0
h_dos_lowpen_13,2,QPROJ,False,False,,0,166.0
h_dos_lowpen_13,2,LPROJ,False,False,,0,166.0
h_dos_lowpen_13,2,OPROJ,True,True,3.0,238,166.0
h_dos_lowpen_13,2,bareQ,False,False,,0,
h_dos_lowpen_13,2,bareL,False,False,,0,
h_dos_short_13,0,D0,True,False,6.0,51,276.0
h_dos_short_13,0,Q1,False,False,,0,
h_dos_short_13,0,L1,True,False,60.0,2,330.0
h_dos_short_13,0,QPROJ,False,False,,0,276.0
h_dos_short_13,0,LPROJ,False,False,,0,276.0
h_dos_short_13,0,OPROJ,True,True,3.0,48,276.0
h_dos_short_13,0,bareQ,False,False,,0,
h_dos_short_13,0,bareL,False,False,,0,
h_dos_short_13,1,D0,True,False,6.0,58,276.0
h_dos_short_13,1,Q1,False,False,,0,
h_dos_short_13,1,L1,True,False,59.0,9,329.0
h_dos_short_13,1,QPROJ,False,False,,0,276.0
h_dos_short_13,1,LPROJ,False,False,,0,276.0
h_dos_short_13,1,OPROJ,True,True,3.0,48,276.0
h_dos_short_13,1,bareQ,False,False,,0,
h_dos_short_13,1,bareL,False,False,,0,
h_dos_short_13,2,D0,True,False,6.0,55,276.0
h_dos_short_13,2,Q1,False,False,,0,
h_dos_short_13,2,L1,True,False,65.0,7,335.0
h_dos_short_13,2,QPROJ,False,False,,0,276.0
h_dos_short_13,2,LPROJ,False,False,,0,276.0
h_dos_short_13,2,OPROJ,True,True,3.0,48,276.0
h_dos_short_13,2,bareQ,False,False,,0,
h_dos_short_13,2,bareL,False,False,,0,
h_fdi_high_13,0,D0,True,False,1.0,300,121.0
h_fdi_high_13,0,Q1,True,False,1.0,300,121.0
h_fdi_high_13,0,L1,False,False,,0,
h_fdi_high_13,0,QPROJ,True,True,1.0,300,
h_fdi_high_13,0,LPROJ,False,False,,0,
h_fdi_high_13,0,OPROJ,True,True,1.0,300,
h_fdi_high_13,0,bareQ,False,False,,0,
h_fdi_high_13,0,bareL,False,False,,0,
h_fdi_high_13,1,D0,True,False,1.0,300,121.0
h_fdi_high_13,1,Q1,True,False,1.0,300,121.0
h_fdi_high_13,1,L1,False,False,,0,
h_fdi_high_13,1,QPROJ,True,True,1.0,300,
h_fdi_high_13,1,LPROJ,False,False,,0,
h_fdi_high_13,1,OPROJ,True,True,1.0,300,
h_fdi_high_13,1,bareQ,False,False,,0,
h_fdi_high_13,1,bareL,False,False,,0,
h_fdi_high_13,2,D0,True,False,1.0,300,121.0
h_fdi_high_13,2,Q1,True,False,1.0,300,121.0
h_fdi_high_13,2,L1,False,False,,0,
h_fdi_high_13,2,QPROJ,True,True,1.0,300,
h_fdi_high_13,2,LPROJ,False,False,,0,
h_fdi_high_13,2,OPROJ,True,True,1.0,300,
h_fdi_high_13,2,bareQ,False,False,,0,
h_fdi_high_13,2,bareL,False,False,,0,
h_fdi_high_bess_13,0,D0,True,False,1.0,300,141.0
h_fdi_high_bess_13,0,Q1,False,False,,0,
h_fdi_high_bess_13,0,L1,False,False,,0,
h_fdi_high_bess_13,0,QPROJ,False,False,,0,
h_fdi_high_bess_13,0,LPROJ,False,False,,0,
h_fdi_high_bess_13,0,OPROJ,True,True,1.0,300,
h_fdi_high_bess_13,0,bareQ,False,False,,0,
h_fdi_high_bess_13,0,bareL,False,False,,0,
h_fdi_high_bess_13,1,D0,True,False,1.0,300,141.0
h_fdi_high_bess_13,1,Q1,False,False,,0,
h_fdi_high_bess_13,1,L1,False,False,,0,
h_fdi_high_bess_13,1,QPROJ,False,False,,0,
h_fdi_high_bess_13,1,LPROJ,False,False,,0,
h_fdi_high_bess_13,1,OPROJ,True,True,1.0,300,
h_fdi_high_bess_13,1,bareQ,False,False,,0,
h_fdi_high_bess_13,1,bareL,False,False,,0,
h_fdi_high_bess_13,2,D0,True,False,1.0,300,141.0
h_fdi_high_bess_13,2,Q1,False,False,,0,
h_fdi_high_bess_13,2,L1,False,False,,0,
h_fdi_high_bess_13,2,QPROJ,False,False,,0,
h_fdi_high_bess_13,2,LPROJ,False,False,,0,
h_fdi_high_bess_13,2,OPROJ,True,True,1.0,300,
h_fdi_high_bess_13,2,bareQ,False,False,,0,
h_fdi_high_bess_13,2,bareL,False,False,,0,
h_fdi_high_highpen_13,0,D0,True,False,1.0,240,151.0
h_fdi_high_highpen_13,0,Q1,True,False,1.0,240,151.0
h_fdi_high_highpen_13,0,L1,False,False,,0,
h_fdi_high_highpen_13,0,QPROJ,True,True,1.0,240,
h_fdi_high_highpen_13,0,LPROJ,False,False,,0,
h_fdi_high_highpen_13,0,OPROJ,True,True,1.0,240,
h_fdi_high_highpen_13,0,bareQ,False,False,,0,
h_fdi_high_highpen_13,0,bareL,False,False,,0,
h_fdi_high_highpen_13,1,D0,True,False,1.0,240,151.0
h_fdi_high_highpen_13,1,Q1,True,False,1.0,240,151.0
h_fdi_high_highpen_13,1,L1,False,False,,0,
h_fdi_high_highpen_13,1,QPROJ,True,True,1.0,240,
h_fdi_high_highpen_13,1,LPROJ,False,False,,0,
h_fdi_high_highpen_13,1,OPROJ,True,True,1.0,240,
h_fdi_high_highpen_13,1,bareQ,False,False,,0,
h_fdi_high_highpen_13,1,bareL,False,False,,0,
h_fdi_high_highpen_13,2,D0,True,False,1.0,240,151.0
h_fdi_high_highpen_13,2,Q1,True,False,1.0,240,151.0
h_fdi_high_highpen_13,2,L1,False,False,,0,
h_fdi_high_highpen_13,2,QPROJ,True,True,1.0,240,
h_fdi_high_highpen_13,2,LPROJ,False,False,,0,
h_fdi_high_highpen_13,2,OPROJ,True,True,1.0,240,
h_fdi_high_highpen_13,2,bareQ,False,False,,0,
h_fdi_high_highpen_13,2,bareL,False,False,,0,
h_fdi_high_lowpen_13,0,D0,True,False,1.0,240,151.0
h_fdi_high_lowpen_13,0,Q1,True,False,1.0,240,151.0
h_fdi_high_lowpen_13,0,L1,False,False,,0,
h_fdi_high_lowpen_13,0,QPROJ,True,True,1.0,240,
h_fdi_high_lowpen_13,0,LPROJ,False,False,,0,
h_fdi_high_lowpen_13,0,OPROJ,True,True,1.0,240,
h_fdi_high_lowpen_13,0,bareQ,False,False,,0,
h_fdi_high_lowpen_13,0,bareL,False,False,,0,
h_fdi_high_lowpen_13,1,D0,True,False,1.0,240,151.0
h_fdi_high_lowpen_13,1,Q1,True,False,1.0,240,151.0
h_fdi_high_lowpen_13,1,L1,False,False,,0,
h_fdi_high_lowpen_13,1,QPROJ,True,True,1.0,240,
h_fdi_high_lowpen_13,1,LPROJ,False,False,,0,
h_fdi_high_lowpen_13,1,OPROJ,True,True,1.0,240,
h_fdi_high_lowpen_13,1,bareQ,False,False,,0,
h_fdi_high_lowpen_13,1,bareL,False,False,,0,
h_fdi_high_lowpen_13,2,D0,True,False,1.0,240,151.0
h_fdi_high_lowpen_13,2,Q1,True,False,1.0,240,151.0
h_fdi_high_lowpen_13,2,L1,False,False,,0,
h_fdi_high_lowpen_13,2,QPROJ,True,True,1.0,240,
h_fdi_high_lowpen_13,2,LPROJ,False,False,,0,
h_fdi_high_lowpen_13,2,OPROJ,True,True,1.0,240,
h_fdi_high_lowpen_13,2,bareQ,False,False,,0,
h_fdi_high_lowpen_13,2,bareL,False,False,,0,
h_fdi_high_peakload_13,0,D0,True,False,1.0,240,151.0
h_fdi_high_peakload_13,0,Q1,True,False,1.0,240,151.0
h_fdi_high_peakload_13,0,L1,False,False,,0,
h_fdi_high_peakload_13,0,QPROJ,True,True,1.0,240,
h_fdi_high_peakload_13,0,LPROJ,False,False,,0,
h_fdi_high_peakload_13,0,OPROJ,True,True,1.0,240,
h_fdi_high_peakload_13,0,bareQ,False,False,,0,
h_fdi_high_peakload_13,0,bareL,False,False,,0,
h_fdi_high_peakload_13,1,D0,True,False,1.0,240,151.0
h_fdi_high_peakload_13,1,Q1,True,False,1.0,240,151.0
h_fdi_high_peakload_13,1,L1,False,False,,0,
h_fdi_high_peakload_13,1,QPROJ,True,True,1.0,240,
h_fdi_high_peakload_13,1,LPROJ,False,False,,0,
h_fdi_high_peakload_13,1,OPROJ,True,True,1.0,240,
h_fdi_high_peakload_13,1,bareQ,False,False,,0,
h_fdi_high_peakload_13,1,bareL,False,False,,0,
h_fdi_high_peakload_13,2,D0,True,False,1.0,240,151.0
h_fdi_high_peakload_13,2,Q1,True,False,1.0,240,151.0
h_fdi_high_peakload_13,2,L1,False,False,,0,
h_fdi_high_peakload_13,2,QPROJ,True,True,1.0,240,
h_fdi_high_peakload_13,2,LPROJ,False,False,,0,
h_fdi_high_peakload_13,2,OPROJ,True,True,1.0,240,
h_fdi_high_peakload_13,2,bareQ,False,False,,0,
h_fdi_high_peakload_13,2,bareL,False,False,,0,
h_fdi_low_13,0,D0,False,False,,0,
h_fdi_low_13,0,Q1,False,False,,0,
h_fdi_low_13,0,L1,False,False,,0,
h_fdi_low_13,0,QPROJ,False,False,,0,
h_fdi_low_13,0,LPROJ,False,False,,0,
h_fdi_low_13,0,OPROJ,False,False,,0,
h_fdi_low_13,0,bareQ,False,False,,0,
h_fdi_low_13,0,bareL,False,False,,0,
h_fdi_low_13,1,D0,False,False,,0,
h_fdi_low_13,1,Q1,False,False,,0,
h_fdi_low_13,1,L1,False,False,,0,
h_fdi_low_13,1,QPROJ,False,False,,0,
h_fdi_low_13,1,LPROJ,False,False,,0,
h_fdi_low_13,1,OPROJ,False,False,,0,
h_fdi_low_13,1,bareQ,False,False,,0,
h_fdi_low_13,1,bareL,False,False,,0,
h_fdi_low_13,2,D0,False,False,,0,
h_fdi_low_13,2,Q1,False,False,,0,
h_fdi_low_13,2,L1,False,False,,0,
h_fdi_low_13,2,QPROJ,False,False,,0,
h_fdi_low_13,2,LPROJ,False,False,,0,
h_fdi_low_13,2,OPROJ,False,False,,0,
h_fdi_low_13,2,bareQ,False,False,,0,
h_fdi_low_13,2,bareL,False,False,,0,
h_fdi_med_13,0,D0,True,False,211.0,30,341.0
h_fdi_med_13,0,Q1,True,False,211.0,30,341.0
h_fdi_med_13,0,L1,False,False,,0,
h_fdi_med_13,0,QPROJ,True,True,211.0,30,
h_fdi_med_13,0,LPROJ,False,False,,0,
h_fdi_med_13,0,OPROJ,True,True,211.0,30,
h_fdi_med_13,0,bareQ,False,False,,0,
h_fdi_med_13,0,bareL,False,False,,0,
h_fdi_med_13,1,D0,True,False,216.0,17,346.0
h_fdi_med_13,1,Q1,True,False,216.0,17,346.0
h_fdi_med_13,1,L1,False,False,,0,
h_fdi_med_13,1,QPROJ,True,True,216.0,17,
h_fdi_med_13,1,LPROJ,False,False,,0,
h_fdi_med_13,1,OPROJ,True,True,216.0,17,
h_fdi_med_13,1,bareQ,False,False,,0,
h_fdi_med_13,1,bareL,False,False,,0,
h_fdi_med_13,2,D0,True,False,207.0,34,337.0
h_fdi_med_13,2,Q1,True,False,207.0,34,337.0
h_fdi_med_13,2,L1,False,False,,0,
h_fdi_med_13,2,QPROJ,True,True,207.0,34,
h_fdi_med_13,2,LPROJ,False,False,,0,
h_fdi_med_13,2,OPROJ,True,True,207.0,34,
h_fdi_med_13,2,bareQ,False,False,,0,
h_fdi_med_13,2,bareL,False,False,,0,
h_fdi_med_34,0,D0,True,False,99.0,39,259.0
h_fdi_med_34,0,Q1,False,False,,0,
h_fdi_med_34,0,L1,True,False,99.0,39,259.0
h_fdi_med_34,0,QPROJ,False,False,,0,
h_fdi_med_34,0,LPROJ,True,True,99.0,39,
h_fdi_med_34,0,OPROJ,True,True,99.0,39,
h_fdi_med_34,0,bareQ,False,False,,0,
h_fdi_med_34,0,bareL,False,False,,0,
h_fdi_med_34,1,D0,False,False,,0,
h_fdi_med_34,1,Q1,False,False,,0,
h_fdi_med_34,1,L1,False,False,,0,
h_fdi_med_34,1,QPROJ,False,False,,0,
h_fdi_med_34,1,LPROJ,False,False,,0,
h_fdi_med_34,1,OPROJ,False,False,,0,
h_fdi_med_34,1,bareQ,False,False,,0,
h_fdi_med_34,1,bareL,False,False,,0,
h_fdi_med_34,2,D0,True,False,60.0,66,220.0
h_fdi_med_34,2,Q1,False,False,,0,
h_fdi_med_34,2,L1,False,False,,0,
h_fdi_med_34,2,QPROJ,False,False,,0,
h_fdi_med_34,2,LPROJ,False,False,,0,
h_fdi_med_34,2,OPROJ,True,True,60.0,66,
h_fdi_med_34,2,bareQ,False,False,,0,
h_fdi_med_34,2,bareL,False,False,,0,
h_fleet_dos_34,0,D0,True,False,6.0,290,166.0
h_fleet_dos_34,0,Q1,False,False,,0,
h_fleet_dos_34,0,L1,True,False,248.0,5,408.0
h_fleet_dos_34,0,QPROJ,False,False,,0,166.0
h_fleet_dos_34,0,LPROJ,True,False,250.0,6,166.0
h_fleet_dos_34,0,OPROJ,True,True,3.0,238,166.0
h_fleet_dos_34,0,bareQ,False,False,,0,
h_fleet_dos_34,0,bareL,False,False,,0,
h_fleet_dos_34,1,D0,True,False,6.0,241,166.0
h_fleet_dos_34,1,Q1,False,False,,0,
h_fleet_dos_34,1,L1,True,False,247.0,5,407.0
h_fleet_dos_34,1,QPROJ,False,False,,0,166.0
h_fleet_dos_34,1,LPROJ,True,False,249.0,5,166.0
h_fleet_dos_34,1,OPROJ,True,True,3.0,238,166.0
h_fleet_dos_34,1,bareQ,False,False,,0,
h_fleet_dos_34,1,bareL,False,False,,0,
h_fleet_dos_34,2,D0,True,False,6.0,242,166.0
h_fleet_dos_34,2,Q1,False,False,,0,
h_fleet_dos_34,2,L1,True,False,249.0,11,409.0
h_fleet_dos_34,2,QPROJ,False,False,,0,166.0
h_fleet_dos_34,2,LPROJ,True,False,254.0,16,166.0
h_fleet_dos_34,2,OPROJ,True,True,3.0,238,166.0
h_fleet_dos_34,2,bareQ,False,False,,0,
h_fleet_dos_34,2,bareL,False,False,,0,
h_fleet_fdi_34,0,D0,True,False,1.0,240,161.0
h_fleet_fdi_34,0,Q1,True,False,1.0,240,161.0
h_fleet_fdi_34,0,L1,False,False,,0,
h_fleet_fdi_34,0,QPROJ,True,True,1.0,240,
h_fleet_fdi_34,0,LPROJ,False,False,,0,
h_fleet_fdi_34,0,OPROJ,True,True,1.0,240,
h_fleet_fdi_34,0,bareQ,False,False,,0,
h_fleet_fdi_34,0,bareL,False,False,,0,
h_fleet_fdi_34,1,D0,True,False,1.0,240,161.0
h_fleet_fdi_34,1,Q1,True,False,1.0,240,161.0
h_fleet_fdi_34,1,L1,False,False,,0,
h_fleet_fdi_34,1,QPROJ,True,True,1.0,240,
h_fleet_fdi_34,1,LPROJ,False,False,,0,
h_fleet_fdi_34,1,OPROJ,True,True,1.0,240,
h_fleet_fdi_34,1,bareQ,False,False,,0,
h_fleet_fdi_34,1,bareL,False,False,,0,
h_fleet_fdi_34,2,D0,True,False,1.0,240,161.0
h_fleet_fdi_34,2,Q1,True,False,1.0,240,161.0
h_fleet_fdi_34,2,L1,False,False,,0,
h_fleet_fdi_34,2,QPROJ,True,True,1.0,240,
h_fleet_fdi_34,2,LPROJ,False,False,,0,
h_fleet_fdi_34,2,OPROJ,True,True,1.0,240,
h_fleet_fdi_34,2,bareQ,False,False,,0,
h_fleet_fdi_34,2,bareL,False,False,,0,
h_fleet_spoof_34,0,D0,True,False,5.0,255,155.0
h_fleet_spoof_34,0,Q1,True,False,5.0,54,155.0
h_fleet_spoof_34,0,L1,True,False,5.0,54,155.0
h_fleet_spoof_34,0,QPROJ,True,False,5.0,54,155.0
h_fleet_spoof_34,0,LPROJ,True,False,5.0,54,155.0
h_fleet_spoof_34,0,OPROJ,True,True,1.0,240,155.0
h_fleet_spoof_34,0,bareQ,False,False,,0,
h_fleet_spoof_34,0,bareL,False,False,,0,
h_fleet_spoof_34,1,D0,True,False,5.0,255,155.0
h_fleet_spoof_34,1,Q1,True,False,5.0,49,155.0
h_fleet_spoof_34,1,L1,True,False,5.0,49,155.0
h_fleet_spoof_34,1,QPROJ,True,False,5.0,56,155.0
h_fleet_spoof_34,1,LPROJ,True,False,5.0,49,155.0
h_fleet_spoof_34,1,OPROJ,True,True,1.0,240,155.0
h_fleet_spoof_34,1,bareQ,False,False,,0,
h_fleet_spoof_34,1,bareL,False,False,,0,
h_fleet_spoof_34,2,D0,True,False,5.0,255,155.0
h_fleet_spoof_34,2,Q1,True,False,5.0,53,155.0
h_fleet_spoof_34,2,L1,True,False,5.0,53,155.0
h_fleet_spoof_34,2,QPROJ,True,False,5.0,59,155.0
h_fleet_spoof_34,2,LPROJ,True,False,5.0,53,155.0
h_fleet_spoof_34,2,OPROJ,True,True,1.0,240,155.0
h_fleet_spoof_34,2,bareQ,False,False,,0,
h_fleet_spoof_34,2,bareL,False,False,,0,
h_replay_240_13,0,D0,True,False,11.0,33,151.0
h_replay_240_13,0,Q1,True,False,11.0,104,151.0
h_replay_240_13,0,L1,True,False,140.0,29,280.0
h_replay_240_13,0,QPROJ,True,True,11.0,104,280.0
h_replay_240_13,0,LPROJ,True,False,140.0,29,280.0
h_replay_240_13,0,OPROJ,True,True,1.0,240,
h_replay_240_13,0,bareQ,False,False,,0,
h_replay_240_13,0,bareL,False,False,,0,
h_replay_240_13,1,D0,True,False,140.0,29,280.0
h_replay_240_13,1,Q1,True,False,140.0,101,280.0
h_replay_240_13,1,L1,True,False,140.0,29,280.0
h_replay_240_13,1,QPROJ,True,False,140.0,101,280.0
h_replay_240_13,1,LPROJ,True,False,140.0,29,280.0
h_replay_240_13,1,OPROJ,True,True,1.0,240,
h_replay_240_13,1,bareQ,False,False,,0,
h_replay_240_13,1,bareL,False,False,,0,
h_replay_240_13,2,D0,True,False,8.0,30,148.0
h_replay_240_13,2,Q1,True,False,8.0,233,148.0
h_replay_240_13,2,L1,True,False,140.0,29,280.0
h_replay_240_13,2,QPROJ,True,True,8.0,233,176.0
h_replay_240_13,2,LPROJ,True,False,140.0,29,280.0
h_replay_240_13,2,OPROJ,True,True,1.0,240,
h_replay_240_13,2,bareQ,False,False,,0,
h_replay_240_13,2,bareL,False,False,,0,
h_replay_300_13,0,D0,True,False,11.0,62,141.0
h_replay_300_13,0,Q1,True,False,11.0,290,141.0
h_replay_300_13,0,L1,True,False,130.0,58,260.0
h_replay_300_13,0,QPROJ,True,True,11.0,290,148.0
h_replay_300_13,0,LPROJ,True,False,130.0,58,260.0
h_replay_300_13,0,OPROJ,True,True,1.0,300,
h_replay_300_13,0,bareQ,False,False,,0,
h_replay_300_13,0,bareL,False,False,,0,
h_replay_300_13,1,D0,True,False,130.0,58,260.0
h_replay_300_13,1,Q1,True,False,130.0,171,260.0
h_replay_300_13,1,L1,True,False,130.0,58,260.0
h_replay_300_13,1,QPROJ,True,False,130.0,171,260.0
h_replay_300_13,1,LPROJ,True,False,130.0,58,260.0
h_replay_300_13,1,OPROJ,True,True,1.0,300,
h_replay_300_13,1,bareQ,False,False,,0,
h_replay_300_13,1,bareL,False,False,,0,
h_replay_300_13,2,D0,True,False,8.0,59,138.0
h_replay_300_13,2,Q1,True,False,8.0,293,138.0
h_replay_300_13,2,L1,True,False,130.0,58,260.0
h_replay_300_13,2,QPROJ,True,True,8.0,293,260.0
h_replay_300_13,2,LPROJ,True,False,130.0,58,260.0
h_replay_300_13,2,OPROJ,True,True,1.0,300,
h_replay_300_13,2,bareQ,False,False,,0,
h_replay_300_13,2,bareL,False,False,,0,
h_replay_34,0,D0,True,False,32.0,24,192.0
h_replay_34,0,Q1,True,False,32.0,209,192.0
h_replay_34,0,L1,True,False,160.0,19,320.0
h_replay_34,0,QPROJ,True,True,32.0,209,320.0
h_replay_34,0,LPROJ,True,False,160.0,19,320.0
h_replay_34,0,OPROJ,True,True,1.0,240,
h_replay_34,0,bareQ,False,False,,0,
h_replay_34,0,bareL,False,False,,0,
h_replay_34,1,D0,True,False,12.0,24,172.0
h_replay_34,1,Q1,True,False,12.0,229,172.0
h_replay_34,1,L1,True,False,160.0,19,320.0
h_replay_34,1,QPROJ,True,True,12.0,229,320.0
h_replay_34,1,LPROJ,True,False,160.0,19,320.0
h_replay_34,1,OPROJ,True,True,1.0,240,
h_replay_34,1,bareQ,False,False,,0,
h_replay_34,1,bareL,False,False,,0,
h_replay_34,2,D0,True,False,6.0,21,166.0
h_replay_34,2,Q1,True,False,6.0,235,166.0
h_replay_34,2,L1,True,False,160.0,19,320.0
h_replay_34,2,QPROJ,True,True,6.0,235,320.0
h_replay_34,2,LPROJ,True,False,160.0,19,320.0
h_replay_34,2,OPROJ,True,True,1.0,240,
h_replay_34,2,bareQ,False,False,,0,
h_replay_34,2,bareL,False,False,,0,
h_replay_90_13,0,D0,True,False,11.0,3,231.0
h_replay_90_13,0,Q1,True,False,11.0,80,231.0
h_replay_90_13,0,L1,False,False,,0,
h_replay_90_13,0,QPROJ,True,True,11.0,80,238.0
h_replay_90_13,0,LPROJ,False,False,,0,
h_replay_90_13,0,OPROJ,True,True,1.0,90,
h_replay_90_13,0,bareQ,False,False,,0,
h_replay_90_13,0,bareL,False,False,,0,
h_replay_90_13,1,D0,False,False,,0,
h_replay_90_13,1,Q1,False,False,,0,
h_replay_90_13,1,L1,False,False,,0,
h_replay_90_13,1,QPROJ,False,False,,0,
h_replay_90_13,1,LPROJ,False,False,,0,
h_replay_90_13,1,OPROJ,True,True,1.0,90,
h_replay_90_13,1,bareQ,False,False,,0,
h_replay_90_13,1,bareL,False,False,,0,
h_replay_90_13,2,D0,True,False,8.0,1,228.0
h_replay_90_13,2,Q1,True,False,8.0,83,228.0
h_replay_90_13,2,L1,False,False,,0,
h_replay_90_13,2,QPROJ,True,True,8.0,83,
h_replay_90_13,2,LPROJ,False,False,,0,
h_replay_90_13,2,OPROJ,True,True,1.0,90,
h_replay_90_13,2,bareQ,False,False,,0,
h_replay_90_13,2,bareL,False,False,,0,
h_replay_bess_13,0,D0,True,False,11.0,33,181.0
h_replay_bess_13,0,Q1,True,False,11.0,187,181.0
h_replay_bess_13,0,L1,True,False,170.0,29,340.0
h_replay_bess_13,0,QPROJ,True,True,11.0,187,340.0
h_replay_bess_13,0,LPROJ,True,False,170.0,29,340.0
h_replay_bess_13,0,OPROJ,True,True,1.0,240,
h_replay_bess_13,0,bareQ,False,False,,0,
h_replay_bess_13,0,bareL,False,False,,0,
h_replay_bess_13,1,D0,True,False,170.0,29,340.0
h_replay_bess_13,1,Q1,True,False,170.0,71,340.0
h_replay_bess_13,1,L1,True,False,170.0,29,340.0
h_replay_bess_13,1,QPROJ,True,False,170.0,71,340.0
h_replay_bess_13,1,LPROJ,True,False,170.0,29,340.0
h_replay_bess_13,1,OPROJ,True,True,1.0,240,
h_replay_bess_13,1,bareQ,False,False,,0,
h_replay_bess_13,1,bareL,False,False,,0,
h_replay_bess_13,2,D0,True,False,8.0,31,178.0
h_replay_bess_13,2,Q1,True,False,8.0,233,178.0
h_replay_bess_13,2,L1,True,False,170.0,29,340.0
h_replay_bess_13,2,QPROJ,True,True,8.0,233,340.0
h_replay_bess_13,2,LPROJ,True,False,170.0,29,340.0
h_replay_bess_13,2,OPROJ,True,True,1.0,240,
h_replay_bess_13,2,bareQ,False,False,,0,
h_replay_bess_13,2,bareL,False,False,,0,
h_replay_lowpen_13,0,D0,True,False,11.0,33,171.0
h_replay_lowpen_13,0,Q1,True,False,11.0,230,171.0
h_replay_lowpen_13,0,L1,True,False,160.0,29,320.0
h_replay_lowpen_13,0,QPROJ,True,True,11.0,230,320.0
h_replay_lowpen_13,0,LPROJ,True,False,160.0,29,320.0
h_replay_lowpen_13,0,OPROJ,True,True,1.0,240,
h_replay_lowpen_13,0,bareQ,False,False,,0,
h_replay_lowpen_13,0,bareL,False,False,,0,
h_replay_lowpen_13,1,D0,True,False,160.0,29,320.0
h_replay_lowpen_13,1,Q1,True,False,160.0,81,320.0
h_replay_lowpen_13,1,L1,True,False,160.0,29,320.0
h_replay_lowpen_13,1,QPROJ,True,False,160.0,81,320.0
h_replay_lowpen_13,1,LPROJ,True,False,160.0,29,320.0
h_replay_lowpen_13,1,OPROJ,True,True,1.0,240,
h_replay_lowpen_13,1,bareQ,False,False,,0,
h_replay_lowpen_13,1,bareL,False,False,,0,
h_replay_lowpen_13,2,D0,True,False,8.0,31,168.0
h_replay_lowpen_13,2,Q1,True,False,8.0,233,168.0
h_replay_lowpen_13,2,L1,True,False,160.0,29,320.0
h_replay_lowpen_13,2,QPROJ,True,True,8.0,233,320.0
h_replay_lowpen_13,2,LPROJ,True,False,160.0,29,320.0
h_replay_lowpen_13,2,OPROJ,True,True,1.0,240,
h_replay_lowpen_13,2,bareQ,False,False,,0,
h_replay_lowpen_13,2,bareL,False,False,,0,
h_spoof_34_distal,0,D0,True,False,5.0,255,175.0
h_spoof_34_distal,0,Q1,True,False,5.0,53,175.0
h_spoof_34_distal,0,L1,True,False,5.0,53,175.0
h_spoof_34_distal,0,QPROJ,True,False,5.0,53,175.0
h_spoof_34_distal,0,LPROJ,True,False,5.0,53,175.0
h_spoof_34_distal,0,OPROJ,True,True,1.0,240,175.0
h_spoof_34_distal,0,bareQ,False,False,,0,
h_spoof_34_distal,0,bareL,False,False,,0,
h_spoof_34_distal,1,D0,True,False,5.0,255,175.0
h_spoof_34_distal,1,Q1,True,False,5.0,49,175.0
h_spoof_34_distal,1,L1,True,False,5.0,49,175.0
h_spoof_34_distal,1,QPROJ,True,False,5.0,49,175.0
h_spoof_34_distal,1,LPROJ,True,False,5.0,49,175.0
h_spoof_34_distal,1,OPROJ,True,True,1.0,240,175.0
h_spoof_34_distal,1,bareQ,False,False,,0,
h_spoof_34_distal,1,bareL,False,False,,0,
h_spoof_34_distal,2,D0,True,False,5.0,255,175.0
h_spoof_34_distal,2,Q1,True,False,5.0,54,175.0
h_spoof_34_distal,2,L1,True,False,5.0,54,175.0
h_spoof_34_distal,2,QPROJ,True,False,5.0,54,175.0
h_spoof_34_distal,2,LPROJ,True,False,5.0,54,175.0
h_spoof_34_distal,2,OPROJ,True,True,1.0,240,175.0
h_spoof_34_distal,2,bareQ,False,False,,0,
h_spoof_34_distal,2,bareL,False,False,,0,
h_spoof_bess_13,0,D0,True,False,5.0,325,155.0
h_spoof_bess_13,0,Q1,True,False,5.0,60,155.0
h_spoof_bess_13,0,L1,True,False,5.0,60,155.0
h_spoof_bess_13,0,QPROJ,True,False,5.0,60,155.0
h_spoof_bess_13,0,LPROJ,True,False,5.0,60,155.0
h_spoof_bess_13,0,OPROJ,True,True,1.0,300,155.0
h_spoof_bess_13,0,bareQ,False,False,,0,
h_spoof_bess_13,0,bareL,False,False,,0,
h_spoof_bess_13,1,D0,True,False,5.0,325,155.0
h_spoof_bess_13,1,Q1,True,False,5.0,66,155.0
h_spoof_bess_13,1,L1,True,False,5.0,66,155.0
h_spoof_bess_13,1,QPROJ,True,False,5.0,66,155.0
h_spoof_bess_13,1,LPROJ,True,False,5.0,66,155.0
h_spoof_bess_13,1,OPROJ,True,True,1.0,300,155.0
h_spoof_bess_13,1,bareQ,False,False,,0,
h_spoof_bess_13,1,bareL,False,False,,0,
h_spoof_bess_13,2,D0,True,False,5.0,325,155.0
h_spoof_bess_13,2,Q1,True,False,5.0,61,155.0
h_spoof_bess_13,2,L1,True,False,5.0,61,155.0
h_spoof_bess_13,2,QPROJ,True,False,5.0,61,155.0
h_spoof_bess_13,2,LPROJ,True,False,5.0,61,155.0
h_spoof_bess_13,2,OPROJ,True,True,1.0,300,155.0
h_spoof_bess_13,2,bareQ,False,False,,0,
h_spoof_bess_13,2,bareL,False,False,,0,
h_spoof_high_13,0,D0,True,False,5.0,325,135.0
h_spoof_high_13,0,Q1,True,False,5.0,60,135.0
h_spoof_high_13,0,L1,True,False,5.0,60,135.0
h_spoof_high_13,0,QPROJ,True,False,5.0,60,135.0
h_spoof_high_13,0,LPROJ,True,False,5.0,67,135.0
h_spoof_high_13,0,OPROJ,True,True,1.0,300,135.0
h_spoof_high_13,0,bareQ,False,False,,0,
h_spoof_high_13,0,bareL,False,False,,0,
h_spoof_high_13,1,D0,True,False,5.0,325,135.0
h_spoof_high_13,1,Q1,True,False,5.0,64,135.0
h_spoof_high_13,1,L1,False,False,,0,
h_spoof_high_13,1,QPROJ,True,False,5.0,64,135.0
h_spoof_high_13,1,LPROJ,False,False,,0,135.0
h_spoof_high_13,1,OPROJ,True,True,1.0,300,135.0
h_spoof_high_13,1,bareQ,False,False,,0,
h_spoof_high_13,1,bareL,False,False,,0,
h_spoof_high_13,2,D0,True,False,5.0,325,135.0
h_spoof_high_13,2,Q1,True,False,5.0,61,135.0
h_spoof_high_13,2,L1,True,False,5.0,61,135.0
h_spoof_high_13,2,QPROJ,True,False,5.0,61,135.0
h_spoof_high_13,2,LPROJ,True,False,5.0,67,135.0
h_spoof_high_13,2,OPROJ,True,True,1.0,300,135.0
h_spoof_high_13,2,bareQ,False,False,,0,
h_spoof_high_13,2,bareL,False,False,,0,
h_spoof_highpen_13,0,D0,True,False,5.0,265,165.0
h_spoof_highpen_13,0,Q1,True,False,5.0,48,165.0
h_spoof_highpen_13,0,L1,True,False,5.0,48,165.0
h_spoof_highpen_13,0,QPROJ,True,False,5.0,48,165.0
h_spoof_highpen_13,0,LPROJ,True,False,5.0,55,165.0
h_spoof_highpen_13,0,OPROJ,True,True,1.0,240,165.0
h_spoof_highpen_13,0,bareQ,False,False,,0,
h_spoof_highpen_13,0,bareL,False,False,,0,
h_spoof_highpen_13,1,D0,True,False,5.0,265,165.0
h_spoof_highpen_13,1,Q1,True,False,5.0,52,165.0
h_spoof_highpen_13,1,L1,True,False,5.0,52,165.0
h_spoof_highpen_13,1,QPROJ,True,False,5.0,52,165.0
h_spoof_highpen_13,1,LPROJ,True,False,5.0,52,165.0
h_spoof_highpen_13,1,OPROJ,True,True,1.0,240,165.0
h_spoof_highpen_13,1,bareQ,False,False,,0,
h_spoof_highpen_13,1,bareL,False,False,,0,
h_spoof_highpen_13,2,D0,True,False,5.0,265,165.0
h_spoof_highpen_13,2,Q1,True,False,5.0,48,165.0
h_spoof_highpen_13,2,L1,True,False,5.0,48,165.0
h_spoof_highpen_13,2,QPROJ,True,False,5.0,48,165.0
h_spoof_highpen_13,2,LPROJ,True,False,5.0,48,165.0
h_spoof_highpen_13,2,OPROJ,True,True,1.0,240,165.0
h_spoof_highpen_13,2,bareQ,False,False,,0,
h_spoof_highpen_13,2,bareL,False,False,,0,
h_spoof_lightload_13,0,D0,True,False,5.0,265,165.0
h_spoof_lightload_13,0,Q1,True,False,5.0,48,165.0
h_spoof_lightload_13,0,L1,True,False,5.0,48,165.0
h_spoof_lightload_13,0,QPROJ,True,False,5.0,48,165.0
h_spoof_lightload_13,0,LPROJ,True,False,5.0,48,165.0
h_spoof_lightload_13,0,OPROJ,True,True,1.0,240,165.0
h_spoof_lightload_13,0,bareQ,False,False,,0,
h_spoof_lightload_13,0,bareL,False,False,,0,
h_spoof_lightload_13,1,D0,True,False,5.0,265,165.0
h_spoof_lightload_13,1,Q1,True,False,5.0,52,165.0
h_spoof_lightload_13,1,L1,True,False,5.0,52,165.0
h_spoof_lightload_13,1,QPROJ,True,False,5.0,52,165.0
h_spoof_lightload_13,1,LPROJ,True,False,5.0,52,165.0
h_spoof_lightload_13,1,OPROJ,True,True,1.0,240,165.0
h_spoof_lightload_13,1,bareQ,False,False,,0,
h_spoof_lightload_13,1,bareL,False,False,,0,
h_spoof_lightload_13,2,D0,True,False,5.0,265,165.0
h_spoof_lightload_13,2,Q1,True,False,5.0,48,165.0
h_spoof_lightload_13,2,L1,True,False,5.0,48,165.0
h_spoof_lightload_13,2,QPROJ,True,False,5.0,48,165.0
h_spoof_lightload_13,2,LPROJ,True,False,5.0,48,165.0
h_spoof_lightload_13,2,OPROJ,True,True,1.0,240,165.0
h_spoof_lightload_13,2,bareQ,False,False,,0,
h_spoof_lightload_13,2,bareL,False,False,,0,
h_spoof_low_13,0,D0,True,False,5.0,115,205.0
h_spoof_low_13,0,Q1,True,False,5.0,18,205.0
h_spoof_low_13,0,L1,True,False,5.0,18,205.0
h_spoof_low_13,0,QPROJ,True,False,5.0,18,205.0
h_spoof_low_13,0,LPROJ,True,False,5.0,18,205.0
h_spoof_low_13,0,OPROJ,True,True,1.0,90,205.0
h_spoof_low_13,0,bareQ,False,False,,0,
h_spoof_low_13,0,bareL,False,False,,0,
h_spoof_low_13,1,D0,True,False,5.0,115,205.0
h_spoof_low_13,1,Q1,True,False,5.0,18,205.0
h_spoof_low_13,1,L1,True,False,5.0,18,205.0
h_spoof_low_13,1,QPROJ,True,False,5.0,18,205.0
h_spoof_low_13,1,LPROJ,True,False,5.0,18,205.0
h_spoof_low_13,1,OPROJ,True,True,1.0,90,205.0
h_spoof_low_13,1,bareQ,False,False,,0,
h_spoof_low_13,1,bareL,False,False,,0,
h_spoof_low_13,2,D0,True,False,5.0,115,205.0
h_spoof_low_13,2,Q1,True,False,5.0,19,205.0
h_spoof_low_13,2,L1,True,False,5.0,19,205.0
h_spoof_low_13,2,QPROJ,True,False,5.0,19,205.0
h_spoof_low_13,2,LPROJ,True,False,5.0,19,205.0
h_spoof_low_13,2,OPROJ,True,True,1.0,90,205.0
h_spoof_low_13,2,bareQ,False,False,,0,
h_spoof_low_13,2,bareL,False,False,,0,
h_spoof_lowpen_13,0,D0,True,False,5.0,265,165.0
h_spoof_lowpen_13,0,Q1,True,False,5.0,48,165.0
h_spoof_lowpen_13,0,L1,True,False,5.0,48,165.0
h_spoof_lowpen_13,0,QPROJ,True,False,5.0,48,165.0
h_spoof_lowpen_13,0,LPROJ,True,False,5.0,48,165.0
h_spoof_lowpen_13,0,OPROJ,True,True,1.0,240,165.0
h_spoof_lowpen_13,0,bareQ,False,False,,0,
h_spoof_lowpen_13,0,bareL,False,False,,0,
h_spoof_lowpen_13,1,D0,True,False,5.0,265,165.0
h_spoof_lowpen_13,1,Q1,True,False,5.0,52,165.0
h_spoof_lowpen_13,1,L1,True,False,5.0,52,165.0
h_spoof_lowpen_13,1,QPROJ,True,False,5.0,52,165.0
h_spoof_lowpen_13,1,LPROJ,True,False,5.0,52,165.0
h_spoof_lowpen_13,1,OPROJ,True,True,1.0,240,165.0
h_spoof_lowpen_13,1,bareQ,False,False,,0,
h_spoof_lowpen_13,1,bareL,False,False,,0,
h_spoof_lowpen_13,2,D0,True,False,5.0,265,165.0
h_spoof_lowpen_13,2,Q1,True,False,5.0,48,165.0
h_spoof_lowpen_13,2,L1,True,False,5.0,48,165.0
h_spoof_lowpen_13,2,QPROJ,True,False,5.0,48,165.0
h_spoof_lowpen_13,2,LPROJ,True,False,5.0,48,165.0
h_spoof_lowpen_13,2,OPROJ,True,True,1.0,240,165.0
h_spoof_lowpen_13,2,bareQ,False,False,,0,
h_spoof_lowpen_13,2,bareL,False,False,,0,
h_spoof_med_13,0,D0,True,False,5.0,265,155.0
h_spoof_med_13,0,Q1,True,False,5.0,48,155.0
h_spoof_med_13,0,L1,True,False,5.0,48,155.0
h_spoof_med_13,0,QPROJ,True,False,5.0,48,155.0
h_spoof_med_13,0,LPROJ,True,False,5.0,48,155.0
h_spoof_med_13,0,OPROJ,True,True,1.0,240,155.0
h_spoof_med_13,0,bareQ,False,False,,0,
h_spoof_med_13,0,bareL,False,False,,0,
h_spoof_med_13,1,D0,True,False,5.0,265,155.0
h_spoof_med_13,1,Q1,True,False,5.0,52,155.0
h_spoof_med_13,1,L1,True,False,5.0,52,155.0
h_spoof_med_13,1,QPROJ,True,False,5.0,52,155.0
h_spoof_med_13,1,LPROJ,True,False,5.0,52,155.0
h_spoof_med_13,1,OPROJ,True,True,1.0,240,155.0
h_spoof_med_13,1,bareQ,False,False,,0,
h_spoof_med_13,1,bareL,False,False,,0,
h_spoof_med_13,2,D0,True,False,5.0,265,155.0
h_spoof_med_13,2,Q1,True,False,5.0,48,155.0
h_spoof_med_13,2,L1,True,False,5.0,48,155.0
h_spoof_med_13,2,QPROJ,True,False,5.0,48,155.0
h_spoof_med_13,2,LPROJ,True,False,5.0,48,155.0
h_spoof_med_13,2,OPROJ,True,True,1.0,240,155.0
h_spoof_med_13,2,bareQ,False,False,,0,
h_spoof_med_13,2,bareL,False,False,,0,
h_spoof_short_13,0,D0,True,False,5.0,85,265.0
h_spoof_short_13,0,Q1,True,False,5.0,12,265.0
h_spoof_short_13,0,L1,False,False,,0,
h_spoof_short_13,0,QPROJ,True,False,5.0,12,265.0
h_spoof_short_13,0,LPROJ,False,False,,0,265.0
h_spoof_short_13,0,OPROJ,True,True,1.0,60,265.0
h_spoof_short_13,0,bareQ,False,False,,0,
h_spoof_short_13,0,bareL,False,False,,0,
h_spoof_short_13,1,D0,True,False,5.0,85,265.0
h_spoof_short_13,1,Q1,True,False,5.0,17,265.0
h_spoof_short_13,1,L1,True,False,5.0,17,265.0
h_spoof_short_13,1,QPROJ,True,False,5.0,17,265.0
h_spoof_short_13,1,LPROJ,True,False,5.0,24,265.0
h_spoof_short_13,1,OPROJ,True,True,1.0,60,265.0
h_spoof_short_13,1,bareQ,False,False,,0,
h_spoof_short_13,1,bareL,False,False,,0,
h_spoof_short_13,2,D0,True,False,5.0,85,265.0
h_spoof_short_13,2,Q1,True,False,5.0,12,265.0
h_spoof_short_13,2,L1,False,False,,0,
h_spoof_short_13,2,QPROJ,True,False,5.0,12,265.0
h_spoof_short_13,2,LPROJ,False,False,,0,265.0
h_spoof_short_13,2,OPROJ,True,True,1.0,60,265.0
h_spoof_short_13,2,bareQ,False,False,,0,
h_spoof_short_13,2,bareL,False,False,,0,
